Algorithms for Trip-Vehicle Assignment in Ride-Sharing,
EAD: Elastic-Net Attacks to Deep Neural Networks via Adversarial Examples,
Learning Differences Between Visual Scanning Patterns Can Disambiguate Bipolar and Unipolar Patients,
Comparing Population Means Under Local Differential Privacy: With Significance and Power,
MuseGAN: Multi-Track Sequential Generative Adversarial Networks for Symbolic Music Generation and Accompaniment,
"Picasso,  Matisse,  or a Fake?  Automated Analysis of Drawings at the Stroke Level for Attribution and Authentication",
Beyond Distributive Fairness in Algorithmic Decision Making: Feature Selection for Procedurally Fair Learning,
Distributed Composite Quantization,
Tensorized Projection for High-Dimensional Binary Embedding,
Predicting Aesthetic Score Distribution Through Cumulative Jensen-Shannon Divergence,
Norm Conflict Resolution in Stochastic Domains,
Deep Representation-Decoupling Neural Networks for Monaural Music Mixture Separation,
Early Prediction of Diabetes Complications from Electronic Health Records: A Multi-Task Survival Analysis Approach,
Learning the Joint Representation of Heterogeneous Temporal Events for Clinical Endpoint Prediction,
Multi-View Multi-Graph Embedding for Brain Network Clustering Analysis,
Uplink Communication Efficient Differentially Private Sparse Optimization with Feature-Wise Distributed Data,
Learning the Probability of Activation in the Presence of Latent Spreaders,
Generating an Event Timeline About Daily Activities From a Semantic Concept Stream,
On Organizing Online Soirees with Live Multi-Streaming,
An AI Planning Solution to Scenario Generation for Enterprise Risk Management,
Automated Segmentation of Overlapping Cytoplasm in Cervical Smear Images via Contour Fragments,
When Social Advertising Meets Viral Marketing: Sequencing Social Advertisements for Influence Maximization,
Synthesis of Programs from Multimodal Datasets,
CD-CNN: A Partially Supervised Cross-Domain Deep Learning Model for Urban Resident Recognition,
Geographic Differential Privacy for Mobile Crowd Coverage Maximization,
Catching Captain Jack: Efficient Time and Space Dependent Patrols to Combat Oil-Siphoning in International Waters,
Video Summarization via Semantic Attended Networks,
TIMERS: Error-Bounded SVD Restart on Dynamic Networks,
Ranking Users in Social Networks with Higher-Order Structures,
Mitigating Overexposure in Viral Marketing,
Neural Link Prediction over Aligned Networks,
Privacy Preserving Point-of-Interest Recommendation Using Decentralized Matrix Factorization,
CA-RNN: Using Context-Aligned Recurrent Neural Networks for Modeling Sentence Similarity,
Dual Deep Neural Networks Cross-Modal Hashing,
Representation Learning for Scale-Free Networks,
VSE-ens: Visual-Semantic Embeddings with Efficient Negative Sampling,
Partial Multi-View Outlier Detection Based on Collective Learning,
A Network-Specific Markov Random Field Approach to Community Detection,
Robust Detection of Link Communities in Large Social Networks by Exploiting Link Semantics,
On Validation and Predictability of Digital Badges’ Influence on Individual Users,
FILE: A Novel Framework for Predicting Social Status in Signed Networks,
Community Detection in Attributed Graphs: An Embedding Approach,
Social Recommendation with an Essential Preference Space,
Early Detection of Fake News on Social Media Through Propagation Path Classification with Recurrent and Convolutional Networks,
Cross-Lingual Entity Linking for Web Tables,
DepthLGP: Learning Embeddings of Out-of-Sample Nodes in Dynamic Networks,
Listening to the World Improves Speech Command Recognition,
Location-Sensitive User Profiling Using Crowdsourced Labels,
Binary Generative Adversarial Networks for Image Retrieval,
Deep Region Hashing for Generic Instance Search from Images,
Improved English to Russian Translation by Neural Suffix Prediction,
Towards Efficient Detection of Overlapping Communities in Massive Networks,
Structural Deep Embedding for Hyper-Networks,
Confidence-Aware Matrix Factorization for Recommender Systems,
Deep Asymmetric Transfer Network for Unbalanced Domain Adaptation,
A Multi-Task Learning Approach for Improving Product Title Compression with User Search Log Data,
Personalized Time-Aware Tag Recommendation,
Telepath: Understanding Users from a Human Vision Perspective in Large-Scale Recommender Systems,
RSDNE: Exploring Relaxed Similarity and Dissimilarity from Completely-Imbalanced Labels for Network Embedding,
Contrastive Training for Models of Information Cascades,
Retrieving and Classifying Affective Images via Deep Metric Learning,
Multi-Facet Network Embedding: Beyond the General Solution of Detection and Representation,
Urban Dreams of Migrants: A Case Study of Migrant Integration in Shanghai,
From Common to Special: When Multi-Attribute Learning Meets Personalized Opinions,
Discovering and Distinguishing Multiple Visual Senses for Polysemous Words,
Spatiotemporal Activity Modeling Under Data Scarcity: A Graph-Regularized Cross-Modal Embedding Approach,
Unsupervised Generative Adversarial Cross-Modal Hashing,
Exploring Implicit Feedback for Open Domain Conversation Generation,
Joint Training for Neural Machine Translation Models with Monolingual Data,
Attention-via-Attention Neural Machine Translation,
Dynamic Network Embedding by Modeling Triadic Closure Process,
Inferring Emotion from Conversational Voice Data:  A Semi-Supervised Multi-Path Generative Neural Network Approach,
"Learning Nonlinear Dynamics in Efficient,  Balanced Spiking Networks Using Local Plasticity Rules",
"Perceiving,  Learning,  and Recognizing 3D Objects: An Approach to Cognitive Service Robots",
A Unified Model for Document-Based Question Answering Based on Human-Like Reading Strategy,
Thinking in PolAR Pictures: Using Rotation-Friendly Mental Images to Solve Leiter-R Form Completion,
A Plasticity-Centric Approach to Train the Non-Differential Spiking Neural Networks,
Explicit Reasoning over End-to-End Neural Architectures for Visual Question Answering,
Action Recognition From Skeleton Data via Analogical Generalization Over Qualitative Representations,
Glass-Box Program Synthesis: A Machine Learning Approach,
Learning From Unannotated QA Pairs to Analogically Disambiguate and Answer Questions,
Style Transfer in Text: Exploration and Evaluation,
HAN: Hierarchical Association Network for Computing Semantic Relatedness,
Maximizing Activity in Ising Networks via the TAP Approximation,
Expected Utility with Relative Loss Reduction: A Unifying Decision Model for Resolving Four Well-Known Paradoxes,
Towards Building Large Scale Multimodal Domain-Aware Conversation Systems,
Complex Sequential Question Answering: Towards Learning to Converse Over Linked Question Answer Pairs with a Knowledge Graph,
The Structural Affinity Method for Solving the Raven's Progressive Matrices Test for Intelligence,
RUBER: An Unsupervised Method for Automatic Evaluation of Open-Domain Dialog Systems,
Emotional Chatting Machine: Emotional Conversation Generation with Internal and External Memory,
Transferring Decomposed Tensors for Scalable Energy Breakdown Across Regions,
Scalable Relaxations of Sparse Packing Constraints: Optimal Biocontrol in Predator-Prey Networks,
DyETC: Dynamic Electronic Toll Collection for Traffic Congestion Alleviation,
Cellular Network Traffic Scheduling with Deep Reinforcement Learning,
Dispatch Guided Allocation Optimization for Effective Emergency Response,
DeepUrbanMomentum: An Online Deep-Learning System for Short-Term Urban Mobility Prediction,
Variational BOLT: Approximate Learning in Factorial Hidden Markov Models with Application to Energy Disaggregation,
Group Sparse Bayesian Learning for Active Surveillance on Epidemic Dynamics,
Predicting Links in Plant-Pollinator Interaction Networks Using Latent Factor Models with Implicit Feedback,
Computation Error Analysis of Block Floating Point Arithmetic Oriented Convolution Neural Network Accelerator Design,
Multi-Entity Dependence Learning with Rich Context via Conditional Variational Auto-Encoder,
Optimal Spot-Checking for Improving Evaluation Accuracy of Peer Grading Systems,
Preventing Infectious Disease in Dynamic Populations Under Uncertainty,
Efficiently Approximating the Pareto Frontier: Hydropower Dam Placement in the Amazon Basin,
Minesweeper with Limited Moves,
Event Representations for Automated Story Generation with Deep Neural Nets,
Asymmetric Action Abstractions for Multi-Unit Control in Adversarial Real-Time Games,
PVL: A Framework for Navigating the Precision-Variety Trade-Off in Automated Animation of Smiles,
Utilitarians without Utilities: Maximizing Social Welfare for Graph Problems Using Only Ordinal Preferences,
On the Complexity of Extended and Proportional Justified Representation,
Rank Maximal Equal Contribution: A Probabilistic Social Choice Function,
Groupwise Maximin Fair Allocation of Indivisible Goods,
Truthful and Near-Optimal Mechanisms for Welfare Maximization in Multi-Winner Elections,
Multiwinner Elections with Diversity Constraints,
A Bayesian Clearing Mechanism for Combinatorial Auctions,
AIVAT: A New Variance Reduction Technique for Agent Evaluation in Imperfect Information Games,
Reinforcement Mechanism Design for Fraudulent Behaviour in e-Commerce,
Computational Results for Extensive-Form Adversarial Team Games,
On the Distortion of Voting with Multiple Representative Candidates,
Disarmament Games with Resource,
Computing the Strategy to Commit to in Polymatrix Games,
"Resource Allocation Polytope Games: Uniqueness of Equilibrium,  Price of Stability,  and Price of Anarchy",
Allocation Problems in Ride-Sharing Platforms: Online Matching with Offline Reusable Resources,
Tool Auctions,
Effective Heuristics for Committee Scoring Rules,
On Social Envy-Freeness in Multi-Unit Markets,
Facility Location Games with Fractional Preferences,
The Complexity of Bribery in Network-Based Rating Systems,
Weighted Voting Via No-Regret Learning,
Cooperative Games with Bounded Dependency Degree,
Committee Selection with Intraclass and Interclass Synergies,
On Recognising Nearly Single-Crossing Preferences,
Ranking Wily People Who Rank Each Other,
Liquid Democracy: An Algorithmic Perspective,
Policy Learning for Continuous Space Security Games Using Neural Networks,
Approximately Stable Matchings with Budget Constraints,
Approximating Bribery in Scoring Rules,
Robust Stackelberg Equilibria in Extensive-Form Games and Extension to Limited Lookahead,
The Conference Paper Assignment Problem: Using Order Weighted Averages to Assign Indivisible Goods,
Incentivizing High Quality User Contributions: New Arm Generation in Bandit Learning,
On the Approximation of Nash Equilibria in Sparse Win-Lose Games,
Balancing Lexicographic Fairness and a Utilitarian Objective with Application to Kidney Exchange,
Single-Peakedness and Total Unimodularity: New Polynomial-Time Algorithms for Multi-Winner Elections,
Fair Rent Division on a Budget,
Approximation-Variance Tradeoffs in Facility Location Games,
MUDA: A Truthful Multi-Unit Double-Auction Mechanism,
Traffic Optimization for a Mixture of Self-Interested and Compliant Agents,
Coalition Manipulation of Gale-Shapley Algorithm,
Axioms for Distance-Based Centralities,
Non-Exploitable Protocols for Repeated Cake Cutting,
Modelling Iterative Judgment Aggregation,
Rich Coalitional Resource Games,
It Takes (Only) Two: Adversarial Generator-Encoder Networks,
An Axiomatization of the Eigenvector and Katz Centralities,
A Regression Approach for Modeling Games with Many Symmetric Players,
Equilibrium Computation and Robust Optimization in Zero Sum Games with Submodular Structure,
Incentive-Compatible Forecasting Competitions,
Strategic Coordination of Human Patrollers and Mobile Sensors with Signaling for Security Games,
Average-Case Approximation Ratio of Scheduling without Payments,
Avoiding Dead Ends in Real-Time Heuristic Search,
Efficiently Monitoring Small Data Modification Effect for Large-Scale Learning in Changing Environment,
A Recursive Scenario Decomposition Algorithm for Combinatorial Multistage Stochastic Optimisation Problems,
Locality Preserving Projection Based on F-norm,
A Two-Stage MaxSAT Reasoning Approach for the Maximum Weight Clique Problem,
Revisiting Immediate Duplicate Detection in External Memory Search,
Warmstarting of Model-Based Algorithm Configuration,
On the Time and Space Complexity of Genetic Programming for Evolving Boolean Conjunctions,
Proximal Alternating Direction Network: A Globally Converged Deep Unrolling Framework,
Streaming Non-Monotone Submodular Maximization: Personalized Video Summarization on the Fly,
Exact Clustering via Integer Programming and Maximum Satisfiability,
On Multiset Selection with Size Constraints,
Disjunctive Program Synthesis: A Robust Approach to Programming by Example,
Accelerated Best-First Search with Upper-Bound Computation for Submodular Function Maximization,
Submodular Function Maximization Over Graphs via Zero-Suppressed Binary Decision Diagrams,
Counting Linear Extensions in Practice: MCMC Versus Exponential Monte Carlo,
Large Scale Constrained Linear Regression Revisited: Faster Algorithms via Preconditioning,
Noisy Derivative-Free Optimization with Value Suppression,
Memory-Augmented Monte Carlo Tree Search,
A Coverage-Based Utility Model for Identifying Unknown Unknowns,
Toward Deep Reinforcement Learning without a Simulator: An Autonomous Steering Example,
An Interactive Multi-Label Consensus Labeling Model for Multiple Labeler Judgments,
Interactively Learning a Blend of Goal-Based and Procedural Tasks,
Emergence of Grounded Compositional Language in Multi-Agent Populations,
Human-in-the-Loop SLAM,
An Interpretable Joint Graphical Model for Fact-Checking From Crowds,
How AI Wins Friends and Influences People in Repeated Games with Cheap Talk,
Anchors: High-Precision Model-Agnostic Explanations,
Optimizing Interventions via Offline Policy Evaluation: Studies in Citizen Science,
Deep TAMER: Interactive Agent Shaping in High-Dimensional State Spaces,
Semi-Supervised Learning From Crowds Using Deep Generative Models,
Sentiment Analysis via Deep Hybrid Textual-Crowd Learning Model,
Understanding Over Participation in Simple Contests,
Understanding Social Interpersonal Interaction via Synchronization Templates of Facial Events,
A Voting-Based System for Ethical Decision Making,
Partial Truthfulness in Minimal Peer Prediction Mechanisms with Limited Knowledge,
Information Gathering with Peers: Submodular Optimization with Peer-Prediction Constraints,
Deep Learning from Crowds,
AdaFlock: Adaptive Feature Discovery for Human-in-the-loop Predictive Modeling,
Adversarial Learning for Chinese NER From Crowd Annotations,
Adapting a Kidney Exchange Algorithm to Align with Human Values,
State of the Art: Reproducibility in Artificial Intelligence,
Towards Imperceptible and Robust Adversarial Example Attacks Against Neural Networks,
Improving the Adversarial Robustness and Interpretability of Deep Neural Networks by Regularizing Their Input Gradients,
Beyond Sparsity: Tree Regularization of Deep Models for Interpretability,
Coupled Deep Learning for Heterogeneous Face Recognition,
A Low-Cost Ethics Shaping Approach for Designing Reinforcement Learning Agents,
Deception Detection in Videos,
Cascade and Parallel Convolutional Recurrent Neural Networks on EEG-Based Intention Recognition for Brain Computer Interface,
WiFi-Based Human Identification via Convex Tensor Shapelet Learning,
Externally Supported Models for Efficient Computation of Paracoherent Answer Sets,
Combining Rules and Ontologies into Clopen Knowledge Bases,
How Many Properties Do We Need for Gradual Argumentation?,
Situation Calculus Semantics for Actual Causality,
Complexity of Verification in Incomplete Argumentation Frameworks,
Goal-Driven Query Answering for Existential Rules with Equality,
LTLf/LDLf Non-Markovian Rewards,
Weighted Abstract Dialectical Frameworks,
SELF: Structural Equational Likelihood Framework for Causal Discovery,
SenticNet 5: Discovering Conceptual Primitives for Sentiment Analysis by Means of Context Embeddings,
Towards a Unified Framework for Syntactic Inconsistency Measures,
Convolutional 2D Knowledge Graph Embeddings,
TorusE: Knowledge Graph Embedding on a Lie Group,
Rational Inference Patterns Based on Conditional Logic,
Dependence in Propositional Logic: Formula-Formula Dependence and Formula Forgetting — Application to Belief Update and Conservative Extension,
Answering Regular Path Queries over SQ Ontologies,
"Towards Formal Definitions of Blameworthiness,  Intention,  and Moral Responsibility",
Behavior Is Everything: Towards Representing Concepts with Sensorimotor Contingencies,
Optimised Maintenance of Datalog Materialisations,
Qualitative Reasoning About Cardinal Directions Using Answer Set Programming,
Learning Abduction Using Partial Observability,
Probabilistic Inference Over Repeated Insertion Models,
Question Answering as Global Reasoning Over Semantic Abstractions,
In Praise of Belief Bases: Doing Epistemic Logic without Possible Worlds,
Maximum A Posteriori Inference in Sum-Product Networks,
Fair Inference on Outcomes,
Stream Reasoning in Temporal Datalog,
On Consensus in Belief Merging,
Open-World Knowledge Graph Completion,
Visual Explanation by High-Level Abduction: On Answer-Set Programming Driven Reasoning About Moving Objects,
A Framework and Positive Results for IAR-answering,
Repairing Ontologies via Axiom Weakening,
Measuring Strong Inconsistency,
Splitting an LPMLN Program,
Incorporating GAN for Negative Sampling in Knowledge Representation Learning,
Forgetting and Unfolding for Existential Rules,
Machine-Translated Knowledge Transfer for Commonsense Causal Reasoning,
Measuring Conditional Independence by Independent Residuals: Theoretical Results and Application in Causal Discovery,
Fairness in Decision-Making — The Causal Explanation Formula,
Embedding of Hierarchically Typed Knowledge Bases,
On the Satisfiability Problem of Patterns in SPARQL 1.1,
Predicting Vehicular Travel Times by Modeling Heterogeneous Influences Between Arterial Roads,
Deep-Treat: Learning Optimal Personalized Treatments From Observational Data Using Neural Networks,
DeepHeart: Semi-Supervised Sequence Learning for Cardiovascular Risk Prediction,
CSWA:  Aggregation-Free Spatial-Temporal Community Sensing,
Multi-Level Variational Autoencoder: Learning Disentangled Representations From Grouped Observations,
Dress Fashionably: Learn Fashion Collocation with Deep Mixed-Category Metric Learning,
Modeling Scientific Influence for Research Trending Topic Prediction,
Tap and Shoot Segmentation,
HARP: Hierarchical Representation Learning for Networks,
Latent Sparse Modeling of Longitudinal Multi-Dimensional Data,
Learning Datum-Wise Sampling Frequency for Energy-Efficient Human Activity Recognition,
A Neural Attention Model for Urban Air Quality Inference: Learning the Weights of Monitoring Stations,
Modeling Temporal Tonal Relations in Polyphonic Music Through Deep Networks with a Novel Image-Based Representation,
Adversarial Network Embedding,
Collaborative Filtering with User-Item Co-Autoregressive Models,
The Shape of Art History in the Eyes of the Machine,
Multi-Step Time Series Generator for Molecular Dynamics,
Search Action Sequence Modeling with Long Short-Term Memory for Search Task Success Evaluation,
Discriminant Projection Representation-Based Classification for Vision Recognition,
The Geometric Block Model,
Group-Pair Convolutional Neural Networks for Multi-View Based 3D Object Retrieval,
Dependence Guided Unsupervised Feature Selection,
On Trivial Solution and High Correlation Problems in Deep Supervised Hashing,
Learning User Preferences to Incentivize Exploration in the Sharing Economy,
Video-Based Sign Language Recognition without Temporal Segmentation,
Energy-Efficient Automatic Train Driving by Learning Driving Patterns,
Video-Based Person Re-Identification via Self Paced Weighting,
Generating Music Medleys via Playing Music Puzzle Games,
Link Prediction with Personalized Social Influence,
Task-Aware Compressed Sensing with Generative Adversarial Networks,
Context-Aware Symptom Checking for Disease Diagnosis Using Hierarchical Reinforcement Learning,
DeepHit: A Deep Learning Approach to Survival Analysis with Competing Risks,
DeepRebirth: Accelerating Deep Neural Network Execution on Mobile Devices,
Discriminative Semi-Coupled Projective Dictionary Learning for Low-Resolution Person Re-Identification,
Unified Locally Linear Classifiers with Diversity-Promoting Anchor Points,
Multi-Modal Multi-Task Learning for Automatic Dietary Assessment,
Distance-Aware DAG Embedding for Proximity Search on Heterogeneous Graphs,
Semi-Supervised Biomedical Translation with Cycle Wasserstein Regression GANs,
Probabilistic Ensemble of Collaborative Filters,
A Combinatorial-Bandit Algorithm for the Online Joint Bid/Budget Optimization of Pay-per-Click Advertising Campaigns,
Hierarchical Video Generation From Orthogonal Information: Optical Flow and Texture,
Sequence-to-Sequence Learning via Shared Latent Representation,
Compatibility Family Learning for Item Recommendation and Generation,
Neural Ideal Point Estimation Network,
Nonlocal Patch Based t-SVD for Image Inpainting: Algorithm and Error Analysis,
r-BTN: Cross-Domain Face Composite and Synthesis From Limited Facial Patches,
Exercise-Enhanced Sequential Modeling for Student Performance Prediction,
Compressed Sensing MRI Using a Recursive Dilated Network,
Mesh-Based Autoencoders for Localized Deformation Component Analysis,
Maximum-Variance Total Variation Denoising for Interpretable Spatial Smoothing,
Differential Performance Debugging with Discriminant Regression Trees,
Adversarial Zero-shot Learning with Semantic Augmentation,
Model-Free Iterative Temporal Appliance Discovery for Unsupervised Electricity Disaggregation,
Multimodal Poisson Gamma Belief Network,
When Will You Arrive? Estimating Travel Time Based on Deep Neural Networks,
GraphGAN: Graph Representation Learning with Generative Adversarial Nets,
Collaborative Filtering with Social Exposure: A Modular Approach to Social Recommendation,
AJILE Movement Prediction: Multimodal Deep Learning for Natural Human Neural Recordings and Video,
Attention-Based Transactional Context Embedding for Next-Item Recommendation,
Fully Convolutional Network Based Skeletonization for Handwritten Chinese Characters,
Directional Label Rectification in Adaptive Graph,
Hybrid Attentive Answer Selection in CQA with Deep Users Modelling,
Modeling Attention and Memory for Auditory Selection in a Cocktail Party Environment,
Measuring the Popularity of Job Skills in Recruitment Market: A Multi-Criteria Approach,
Learning Generative Neural Networks for 3D Colorization,
Deep Multi-View Spatial-Temporal Network for Taxi Demand Prediction,
WalkRanker: A Unified Pairwise Ranking Model with Multiple Relations for Item Recommendation,
Sequence-to-Point Learning with Neural Networks for Non-Intrusive Load Monitoring,
Feature Enhancement Network: A Refined Scene Text Detector,
COSINE: Community-Preserving Social Network Embedding From Information Diffusion Cascades,
Data Poisoning Attacks on Multi-Task Relationship Learning,
An Adversarial Hierarchical Hidden Markov Model for Human Pose Modeling and Generation,
Unsupervised Representation Learning with Long-Term Dynamics for Skeleton Based Action Recognition,
SFCN-OPI: Detection and Fine-Grained Classification of Nuclei Using Sibling FCN with Objectness Prior Interaction,
Parameter-Free Centralized Multi-Task Learning for Characterizing Developmental Sex Differences in Resting State Functional Connectivity,
Safe Reinforcement Learning via Shielding,
Sample-Efficient Learning of Mixtures,
Learning to Attack: Adversarial Transformation Networks,
Online Learning for Structured Loss Spaces,
ARC: Adversarial Robust Cuts for Semi-Supervised and Multi-Label Classification,
Estimating the Class Prior in Positive and Unlabeled Data Through Decision Tree Induction,
Long-Term Image Boundary Prediction,
Algorithms for Generalized Topic Modeling,
Bayesian Robust Attributed Graph Clustering: Joint Learning of Partial Anomalies and Group Structure,
Trace Ratio Optimization with Feature Correlation Mining for Multiclass Discriminant Analysis,
Efficient Probabilistic Performance Bounds for Inverse Reinforcement Learning,
Teaching a Machine to Read Maps with Deep Reinforcement Learning,
Graph Scan Statistics with Uncertainty,
Mining Heavy Temporal Subgraphs: Fast Algorithms and Applications,
Efficient Architecture Search by Network Transformation,
Unsupervised Domain Adaptation with Distribution Matching Machines,
Link Prediction via Subgraph Embedding-Based Convex Matrix Completion,
Reversible Architectures for Arbitrarily Deep Residual Neural Networks,
Gated-Attention Architectures for Task-Oriented Language Grounding,
AdaComp : Adaptive Residual Gradient Compression for Data-Parallel Distributed Training,
LSTD: A Low-Shot Transfer Detector for Object Detection,
Automatic Segmentation of Data Sequences,
DarkRank: Accelerating Deep Metric Learning via Cross Sample Similarities Transfer,
Automatic Parameter Tying: A New Approach for Regularized Parameter Learning in Markov Networks,
Expected Policy Gradients,
Diverse Exploration for Fast and Safe Policy Improvement,
Clustering Small Samples with Quality Guarantees: Adaptivity with One2all PPS,
Distributional Reinforcement Learning with Quantile Regression,
Multi-Step Reinforcement Learning: A Unifying Algorithm,
Randomized Kernel Selection with Spectra of Multilevel Circulant Matrices,
Coupled Poisson Factorization Integrated with User/Item Metadata for Modeling Popular and Sparse Ratings in Scalable Recommendation,
Learning From Semi-Supervised Weak-Label Data,
Decomposition Strategies for Constructive Preference Elicitation,
Constructive Preference Elicitation Over Hybrid Combinatorial Spaces,
Learning to Rank Based on Analogical Reasoning,
Learning Lexicographic Preference Trees From Positive Examples,
AutoEncoder by Forest,
Counterfactual Multi-Agent Policy Gradients,
Lagrangian Constrained Community Detection,
DID: Distributed Incremental Block Coordinate Descent for Nonnegative Matrix Factorization,
Incomplete Label Multi-Task Ordinal Regression for Spatial Event Scale Forecasting,
Learning Combinatory Categorial Grammars for Plan Recognition,
Characterization of the Convex Łukasiewicz Fragment for Learning From Constraints,
Topic Modeling on Health Journals with Regularized Variational Inference,
Non-Discriminatory Machine Learning Through Convex Fairness Criteria,
Margin Based PU Learning,
A Continuous Relaxation of Beam Search for End-to-End Training of Neural Sequence Models,
Human Guided Linear Regression with Feature-Level Constraints,
Learning Predictive State Representations From Non-Uniform Sampling,
Flow-GAN: Combining Maximum Likelihood and Adversarial Learning in Generative Models,
Boosted Generative Models,
Asynchronous Doubly Stochastic Sparse Kernel Learning,
Inexact Proximal Gradient Methods for Non-Convex and Non-Smooth Optimization,
An Euclidean Distance Based on Tensor Product Graph Diffusion Related Attribute Value Embedding for Nominal Data Clustering,
Who Said What: Modeling Individual Labelers Improves Classification,
Nonparametric Stochastic Contextual Bandits,
A General Formulation for Safely Exploiting Weakly Supervised Data,
Double Forward Propagation for Memorized Batch Normalization,
Learning Across Scales---Multiscale Methods for Convolution Neural Networks,
A Framework for Multistream Regression with Direct Density Ratio Estimation,
Approximate and Exact Enumeration of Rule Models,
When Waiting Is Not an Option: Learning Options with a Deliberation Cost,
Learning with Options That Terminate Off-Policy,
Reinforced Multi-Label Image Classification by Exploring Curriculum,
"An Efficient,  Expressive and Local Minima-Free Method for Learning Controlled Dynamical Systems",
OptionGAN: Learning Joint Reward-Policy Options Using Generative Adversarial Inverse Reinforcement Learning,
Deep Reinforcement Learning That Matters,
Rainbow: Combining Improvements in Deep Reinforcement Learning,
Deep Q-learning From Demonstrations,
Decentralized High-Dimensional Bayesian Optimization with Factor Graphs,
A Deep Model with Local Surrogate Loss for General Cost-Sensitive Multi-Label Learning,
From Hashing to CNNs: Training Binary Weight Networks via Hashing,
SNNN: Promoting Word Sentiment and Negation in Neural Sentiment Classification,
On Convergence of Epanechnikov Mean Shift,
Orthogonal Weight Normalization: Solution to Optimization Over Multiple Dependent Stiefel Manifolds in Deep Neural Networks,
Building Deep Networks on Grassmann Manifolds,
Accelerated Method for Stochastic Composition Optimization with Nonsmooth Regularization,
Product Quantized Translation for Fast Nearest Neighbor Search,
Selective Experience Replay for Lifelong Learning,
Label Distribution Learning by Exploiting Label Correlations,
Metric-Based Auto-Instructor for Learning Mixed Data Representation,
Efficient Multi-Dimensional Tensor Sparse Coding Using t-Linear Combination,
PAC Reinforcement Learning with an Imperfect Model,
Asymmetric Deep Supervised Hashing,
On Controlling the Size of Clusters in Probabilistic Clustering,
Less-Forgetful Learning for Domain Expansion in Deep Neural Networks,
Unified Spectral Clustering with Optimal Graph,
Batchwise Patching of Classifiers,
Deep Semi-Random Features for Nonlinear Function Approximation,
Measuring Catastrophic Forgetting in Neural Networks,
Approximate Vanishing Ideal via Data Knotting,
Feature Engineering for Predictive Modeling Using Reinforcement Learning,
Imitation Learning via Kernel Mean Embedding,
On the Optimal Bit Complexity of Circulant Binary Embedding,
Joint Dictionaries for Zero-Shot Learning,
Dialogue Act Sequence Labeling Using Hierarchical Encoder with CRF,
gOCCF: Graph-Theoretic One-Class Collaborative Filtering Based on Uninteresting Items,
On Value Function Representation of Long Horizon Problems,
Extremely Low Bit Neural Network: Squeeze the Last Bit Out with ADMM,
Deterministic Policy Optimization by Combining Pathwise and Score Function Estimators for Discrete Action Spaces,
Spatio-Temporal Graph Convolution for Skeleton Based Action Recognition,
Learning to Generalize: Meta-Learning for Domain Generalization,
A Probabilistic Hierarchical Model for Multi-View and Multi-Feature Classification,
Predictive Coding Machine for Compressed Sensing and Image Denoising,
Unsupervised Personalized Feature Selection,
Latent Discriminant Subspace Representations for Multi-View Outlier Detection,
Deep Learning for Case-Based Reasoning Through Prototypes: A Neural Network That Explains Its Predictions,
Deeper Insights Into Graph Convolutional Networks for Semi-Supervised Learning,
Adaptive Graph Convolutional Neural Networks,
Online Clustering of Contextual Cascading Bandits,
An Optimal Online Method of Selecting Source Policies for Reinforcement Learning,
Statistical Inference Using SGD,
Domain Generalization via Conditional Invariant Representations,
Learning with Incomplete Labels,
Balanced Clustering via Exclusive Lasso: A Pragmatic Approach,
"Robust Formulation for PCA: Avoiding Mean Calculation with L2, p-norm Maximization",
CoDiNMF: Co-Clustering of Directed Graphs via NMF,
Transferable Contextual Bandit for Cross-Domain Recommendation,
Riemannian Stein Variational Gradient Descent for Bayesian Inference,
Dual Set Multi-Label Learning,
Information Directed Sampling for Stochastic Bandits with Graph Feedback,
A Change-Detection Based Framework for Piecewise-Stationary Multi-Armed Bandit Problem,
Nonlinear Pairwise Layer and Its Training for Kernel Learning,
A Batch Learning Framework for Scalable Personalized Ranking,
Dynamic Deep Neural Networks: Optimizing Accuracy-Efficiency Trade-Offs by Selective Execution,
Doubly Approximate Nearest Neighbor Classification,
Euler Sparse Representation for Image Classification,
Variational Probability Flow for Biologically Plausible Training of Deep Neural Networks,
A Parallelizable Acceleration Framework for Packing Linear Programs,
Nonconvex Sparse Spectral Clustering by Alternating Direction Method of Multipliers and Its Convergence Analysis,
Matrix Variate Gaussian Mixture Distribution Steered Robust Metric Learning,
Consistent and Specific Multi-View Subspace Clustering,
Stochastic Non-Convex Ordinal Embedding with Stabilized Barzilai-Borwein Step Size,
MDP-Based Cost Sensitive Classification Using Decision Trees,
Data-Dependent Learning of Symmetric/Antisymmetric Relations for Knowledge Base Completion,
Belief Reward Shaping in Reinforcement Learning,
Learning Multi-Way Relations via Tensor Decomposition with Neural Networks,
Subgraph Pattern Neural Networks for High-Order Graph Evolution Prediction,
Exploiting Emotion on Reviews for Recommender Systems,
Personalized Privacy-Preserving Social Recommendation,
Proper Loss Functions for Nonlinear Hawkes Processes,
Bernoulli Embeddings for Graphs,
Core Dependency Networks,
Mixed Sum-Product Networks: A Deep Architecture for Hybrid Domains,
Alternating Circulant Random Features for Semigroup Kernels,
Overlap-Robust Decision Boundary Learning for within-Network Classification,
A Provable Approach for Double-Sparse Coding,
Hierarchical Policy Search via Return-Weighted Density Estimation,
Dynamic Determinantal Point Processes,
Gaussian Process Decentralized Data Fusion Meets Transfer Learning in Large-Scale Distributed Cooperative Perception,
Training CNNs with Normalized Kernels,
Sparse Modeling-Based Sequential Ensemble Learning for Effective Outlier Detection in High-Dimensional Numeric Data,
SAGA: A Submodular Greedy Algorithm for Group Recommendation,
Quantized Memory-Augmented Neural Networks,
Adversarial Dropout for Supervised and Semi-Supervised Learning,
Alternating Optimisation and Quadrature for Robust Control,
Multi-Adversarial Domain Adaptation,
FiLM: Visual Reasoning with a General Conditioning Layer,
Source Traces for Temporal Difference Learning,
Randomized Clustered Nystrom for Large-Scale Kernel Machines,
Joint Learning of Set Cardinality and State Distribution,
Interpretable Graph-Based Semi-Supervised Learning via Flows,
Hypergraph p-Laplacian: A Differential Geometry View,
Word Co-Occurrence Regularized Non-Negative Matrix Tri-Factorization for Text Data Co-Clustering,
Learning Vector Autoregressive Models with Latent Processes,
Regularizing Deep Networks Using Efficient Layerwise Adversarial Training,
From Monte Carlo to Las Vegas: Improving Restricted Boltzmann Machine Training Through Stopping Sets,
On Data-Dependent Random Features for Improved Generalization in Supervised Learning,
Labeled Memory Networks for Online Model Adaptation,
No Modes Left Behind: Capturing the Data Distribution Effectively Using GANs,
Reduced-Rank Linear Dynamical Systems,
Wasserstein Distance Guided Representation Learning for Domain Adaptation,
Compact Multi-Label Learning,
Dynamic Optimization of Neural Network Structures Using Probabilistic Modeling,
Learning to Interact with Learning Agents,
Attend and Diagnose: Clinical Time Series Analysis Using Attention Models,
Reinforcement Learning in POMDPs with Memoryless Options and Option-Observation Initiation Sets,
"Active Lifelong Learning with ""Watchdog""",
Leaf-Smoothed Hierarchical Softmax for Ordinal Prediction,
Reliable Multi-View Clustering,
Action Branching Architectures for Deep Reinforcement Learning,
Detecting Adversarial Examples Through Image Transformation,
Selective Verification Strategy for Learning From Crowds,
Fourier Feature Approximations for Periodic Kernels in Time-Series Modelling,
Sum-Product Autoencoding: Encoding and Decoding Representations Using Sum-Product Networks,
Bayesian Functional Optimization,
Kernel Cross-Correlator,
Efficient Test-Time Predictor Learning with Group-Based Budget,
Learning Transferable Subspace for Human Motion Segmentation,
Information-Theoretic Domain Adaptation Under Severe Noise Conditions,
Zero-Shot Learning via Class-Conditioned Deep Generative Models,
Sparse Gaussian Conditional Random Fields on Top of Recurrent Neural Networks,
On Multi-Relational Link Prediction with Bilinear Models,
Towards Ultra-High Performance and Energy Efficiency of Deep Learning Systems: An Algorithm-Hardware Co-Optimization Framework,
On the ERM Principle with Networked Data,
High Rank Matrix Completion with Side Information,
Adversarial Learning of Portable Student Networks,
Orthant-Wise Passive Descent Algorithms for Training L1-Regularized Models,
MERCS: Multi-Directional Ensembles of Regression and Classification Trees,
Decoupled Convolutions for CNNs,
Cooperative Learning of Energy-Based Model and Latent Variable Model via MCMC Teaching,
Partial Multi-Label Learning,
Semi-Supervised AUC Optimization without Guessing Labels of Unlabeled Data,
Perception Coordination Network: A Framework for Online Multi-Modal Concept Acquisition and Binding,
HodgeRank with Information Maximization for Crowdsourced Pairwise Ranking Aggregation,
Deep Neural Network Compression with Single and Multiple Level Quantization,
Informed Non-Convex Robust Principal Component Analysis with Features,
Dictionary Learning in Optimal Metric Space,
Automatic Model Selection in Subspace Clustering via Triplet Relationships,
A Poisson Gamma Probabilistic Model for Latent Node-Group Memberships in Dynamic Networks,
"New l2, 1-Norm Relaxation of Multi-Way Graph Cut for Clustering",
Efficient K-Shot Learning with Regularized Deep Networks,
Learning with Single-Teacher Multi-Student,
Tau-FPL: Tolerance-Constrained Learning in Linear Time,
Multi-Layer Multi-View Classification for Alzheimer’s Disease Diagnosis,
Latent Semantic Aware Multi-View Multi-Label Classification,
ROAR: Robust Label Ranking for Social Emotion Mining,
Beyond Link Prediction: Predicting Hyperlinks in Adjacency Space,
An End-to-End Deep Learning Architecture for Graph Classification,
Feature-Induced Labeling Information Enrichment for Multi-Label Learning,
Interpreting CNN Knowledge via an Explanatory Graph,
Examining CNN Representations with Respect to Dataset Bias,
Optimal Margin Distribution Clustering,
Training Set Debugging Using Trusted Items,
EMD Metric Learning,
Distant-Supervision of Heterogeneous Multitask Learning for Social Event Forecasting with Multilingual Indicators,
Label Distribution Learning by Optimal Transport,
Substructure Assembling Network for Graph Classification,
Hypergraph Learning with Cost Interval Optimization,
Learning Mixtures of Random Utility Models,
Direct Hashing without Pseudo-Labels,
Learning Graph-Structured Sum-Product Networks for Probabilistic Semantic Maps,
Label Distribution Learning by Exploiting Sample Correlations Locally,
ATRank: An Attention-Based User Behavior Modeling Framework for Recommendation,
Budget-Constrained Multi-Armed Bandits with Multiple Plays,
Rocket Launching: A Universal and Efficient Framework for Training Well-Performing Light Net,
SC2Net: Sparse LSTMs for Sparse Coding,
Adaptive Quantization for Deep Neural Network,
Non-Parametric Outliers Detection in Multiple Time Series A Case Study: Power Grid Data Analysis,
A Spherical Hidden Markov Model for Semantics-Rich Human Mobility Modeling,
Weighted Multi-View Spectral Clustering Based on Spectral Perturbation,
"Learning the Behavior of a Dynamical System Via a ""20 Questions"" Approach",
"Knowledge,  Fairness,  and Social Constraints",
POMDP-Based Decision Making for Fast Event Handling in VANETs,
An Ant-Based Algorithm to Solve Distributed Constraint Optimization Problems,
Preallocation and Planning Under Stochastic Resource Constraints,
Manipulative Elicitation — A New Attack on Elections with Incomplete Preferences,
Control Argumentation Frameworks,
"Decentralised Learning in Systems with Many,  Many Strategic Agents",
Dilated FCN for Multi-Agent 2D/3D Medical Image Registration,
Strategic Coalitions with Perfect Recall,
The Role of Data-Driven Priors in Multi-Agent Crowd Trajectory Estimation,
Dynamic Pricing for Reusable Resources in Competitive Market with Stochastic Demand,
Social Norms of Cooperation with Costly Reputation Building,
Multiagent Connected Path Planning: PSPACE-Completeness and How to Deal with It,
Maximizing Influence in an Unknown Social Network,
Integrated Cooperation and Competition in Multi-Agent Decision-Making,
Privacy-Preserving Policy Iteration for Decentralized POMDPs,
HogRider: Champion Agent of Microsoft Malmo Collaborative AI Challenge,
Effective Broad-Coverage Deep Parsing,
Faithful to the Original: Fact Aware Neural Abstractive Summarization,
Syntax-Directed Attention for Neural Machine Translation,
A Semantic QA-Based Approach for Text Summarization Evaluation,
Learning Sentiment-Specific Word Embedding via Global Sentiment Representation,
Knowledge Graph Embedding with Iterative Guidance From Soft Rules,
280 Birds with One Stone: Inducing Multilingual Taxonomies From Wikipedia Using Character-Level Classification,
Neural Knowledge Acquisition via Mutual Attention Between Knowledge Graph and Text,
FEEL: Featured Event Embedding Learning,
"Linguistic Properties Matter for Implicit Discourse Relation Recognition: Combining Semantic Interaction,  Topic Continuity and Attribution",
Actionable Email Intent Modeling with Reparametrized RNNs,
Event Detection via Gated Multilingual Attention Mechanism,
Improving Sequence-to-Sequence Constituency Parsing,
Table-to-Text Generation by Structure-Aware Seq2seq Learning,
"Never Retreat,  Never Retract: Argumentation Analysis for Political Speeches",
AMR Parsing with Cache Transition Systems,
Early Syntactic Bootstrapping in an Incremental Memory-Limited Word Learner,
Recognizing and Justifying Text Entailment Through Distributional Navigation on Definition Graphs,
SPINE: SParse Interpretable Neural Embeddings,
Deep Semantic Role Labeling with Self-Attention,
Translating Pro-Drop Languages with Reconstruction Models,
Event Representations with Tensor-Based Compositions,
Does William Shakespeare REALLY Write Hamlet? Knowledge Representation Learning with Confidence,
Multi-Channel Encoder for Neural Machine Translation,
Augmenting End-to-End Dialogue Systems with Commonsense Knowledge,
An Unsupervised Model with Attention Autoencoders for Question Retrieval,
Sequential Copying Networks,
Lattice Recurrent Unit: Improving Convergence and Statistical Efficiency for Sequence Modeling,
Leveraging Lexical Substitutes for Unsupervised Word Sense Induction,
Generalizing and Improving Bilingual Word Embedding Mappings with a Multi-Step Framework of Linear Transformations,
Table-to-Text: Describing Table Region with Natural Language,
Learning Interpretable Spatial Operations in a Rich 3D Blocks World,
Using k-Way Co-Occurrences for Learning Word Embeddings,
Proposition Entailment in Educational Applications Using Deep Neural Networks,
cw2vec: Learning Chinese Word Embeddings with Stroke n-gram Information,
Knowledge-Based Word Sense Disambiguation Using Topic Models,
Meta Multi-Task Learning for Sequence Modeling,
IMS-DTM: Incremental Multi-Scale Dynamic Topic Models,
Zero-Resource Neural Machine Translation with Multi-Agent Communication Game,
Learning to Compose Task-Specific Tree Structures,
Geometric Relationship between Word and Context Representations,
A Knowledge-Grounded Neural Conversation Model,
Learning to Predict Readability Using Eye-Movement Data From Natives and Learners,
Neural Machine Translation with Gumbel-Greedy Decoding,
Search Engine Guided Neural Machine Translation,
Long Text Generation via Adversarial Training with Leaked Information,
A Deep Generative Framework for Paraphrase Generation,
Placing Objects in Gesture Space: Toward Incremental Interpretation of Multimodal Spatial Descriptions,
Jointly Parse and Fragment Ungrammatical Sentences,
Persuasive Influence Detection: The Role of Argument Sequencing,
An Interpretable Generative Adversarial Approach to Classification of Latent Entity Relations in Unstructured Sentences,
SciTaiL: A Textual Entailment Dataset from Science Question Answering,
Efficient Large-Scale Multi-Modal Classification,
Neural Character-level Dependency Parsing for Chinese,
Conversational Model Adaptation via KL Divergence Regularization,
Slim Embedding Layers for Recurrent Neural Language Models,
Automatic Generation of Text Descriptive Comments for Code Blocks,
BBQ-Networks: Efficient Exploration in Deep Reinforcement Learning for Task-Oriented Dialogue Systems,
Customized Nonlinear Bandits for Online Response Selection in Neural Conversation Models,
Empower Sequence Labeling with Task-Aware Neural Language Model,
Semantic Structure-Based Word Embedding by Incorporating Concept Convergence and Word Divergence,
Improved Text Matching by Enhancing Mutual Information,
Improving Language Modelling with Noise Contrastive Estimation,
Sentence Ordering and Coherence Modeling Using Recurrent Neural Networks,
Eliciting Positive Emotion through Affect-Sensitive Dialogue Response Generation: A Neural Network Approach,
CoChat: Enabling Bot and Human Collaboration for Task Completion,
Fact Checking in Community Forums,
Personalizing a Dialogue System with Transfer Reinforcement Learning,
Context Aware Conversational Understanding for Intelligent Agents with a Screen,
Controlling Global Statistics in Recurrent Neural Network Text Generation,
Few Shot Transfer Learning BetweenWord Relatedness and Similarity Tasks Using A Gated Recurrent Siamese Network,
Question-Answering with Grammatically-Interpretable Representations,
Canonical Correlation Inference for Mapping Abstract Scenes to Text,
Exploring the Terrain of Metaphor Novelty: A Regression-Based Approach for Automatically Scoring Metaphors,
Two Knowledge-Based Methods for High-Performance Sense Distribution Learning,
Attention-Based Belief or Disbelief Feature Extraction for Dependency Parsing,
Multi-Task Learning for Parsing the Alexa Meaning Representation Language,
Bayesian Verb Sense Clustering,
DeepType: Multilingual Entity Linking by Neural Type System Evolution,
Order-Planning Neural Text Generation From Structured Data,
A Multi-View Fusion Neural Network for Answer Selection,
Generating Sentences Using a Dynamic Canvas,
Deconvolutional Latent-Variable Model for Text Sequence Matching,
DiSAN: Directional Self-Attention Network for RNN/CNN-Free Language Understanding,
Improving Variational Encoder-Decoders in Dialogue Generation,
Neural Cross-Lingual Entity Linking,
Unity in Diversity: Learning Distributed Heterogeneous Sentence Representation for Extractive Summarization,
Spectral Word Embedding with Negative Sampling,
Variational Recurrent Neural Machine Translation,
Incorporating Discriminator in Sentence Generation: a Gibbs Sampling Method,
Source-Target Inference Models for Spatial Instruction Understanding,
Cross Temporal Recurrent Networks for Ranking Question Answer Pairs,
Guiding Exploratory Behaviors for Multi-Modal Grounding of Linguistic Descriptions,
Learning Better Name Translation for Cross-Lingual Wikification,
Learning Latent Opinions for Aspect-Level Sentiment Classification,
MathDQN: Solving Arithmetic Word Problems via Deep Reinforcement Learning,
Dual Transfer Learning for Neural Machine Translation with Marginal Distribution Regularization,
A Neural Transition-Based Approach for Semantic Dependency Graph Parsing,
StarSpace: Embed All the Things!,
Word Attention for Sequence to Sequence Text Understanding,
Knowledge Enhanced Hybrid Neural Network for Text Matching,
Neural Response Generation with Dynamic Vocabularies,
Learning to Extract Coherent Summary via Deep Reinforcement Learning,
Hierarchical Recurrent Attention Network for Response Generation,
How Images Inspire Poems: Generating Classical Chinese Poetry from Images with Memory Networks,
Learning Multi-Modal Word Representation Grounded in Visual Context,
Memory Fusion Network for Multi-view Sequential Learning,
Multi-Attention Recurrent Network for Human Communication Comprehension,
Chinese LIWC Lexicon Expansion via Hierarchical Classification of Word Embeddings with Sememe Attention,
Large Scaled Relation Extraction with Reinforcement Learning,
End-to-End Quantum-Like Language Models with Application to Question Answering,
Adaptive Co-attention Network for Named Entity Recognition in Tweets,
Neural Networks Incorporating Dictionaries for Chinese Word Segmentation,
Addressee and Response Selection in Multi-Party Conversations with Speaker Interaction RNNs,
Asynchronous Bidirectional Decoding for Neural Machine Translation,
Medical Exam Question Answering with Large-scale Reading Comprehension,
CoLink: An Unsupervised Framework for User Identity Linkage,
Tree-Structured Neural Machine for Linguistics-Aware Sentence Generation,
Elastic Responding Machine for Dialog Generation with Dynamically Mechanism Selecting,
RNN-Based Sequence-Preserved Attention for Dependency Parsing,
Generative Adversarial Network Based Heterogeneous Bibliographic Network Representation for Personalized Citation Recommendation,
A Multilayer Convolutional Encoder-Decoder Neural Network for Grammatical Error Correction,
Weakly Supervised Induction of Affective Events by Optimizing Semantic Consistency,
Cross-Lingual Propagation for Deep Sentiment Analysis,
Reinforcement Learning for Relation Classification From Noisy Data,
Twitter Summarization Based on Social Network and Sparse Reconstruction,
SEE: Syntax-Aware Entity Embedding for Neural Relation Extraction,
Semi-Distantly Supervised Neural Model for Generating Compact Answers to Open-Domain Why Questions,
Task-Specific Representation Learning for Web-Scale Entity Disambiguation,
Byte-Level Machine Reading Across Morphologically Varied Languages,
A Question-Focused Multi-Factor Attention Network for Question Answering,
Training and Evaluating Improved Dependency-Based Word Embeddings,
Inference on Syntactic and Semantic Structures for Machine Comprehension,
Hierarchical Attention Transfer Network for Cross-Domain Sentiment Classification,
Dynamic User Profiling for Streams of Short Texts,
Multi-Task Medical Concept Normalization Using Multi-View Convolutional Neural Network,
Targeted Aspect-Based Sentiment Analysis via Embedding Commonsense Knowledge into an Attentive LSTM,
Cognition-Cognizant Sentiment Analysis with Multitask Subjectivity Summarization Based on Annotators' Gaze Behavior,
Argument Mining for Improving the Automated Scoring of Persuasive Essays,
Graph Convolutional Networks with Argument-Aware Pooling for Event Detection,
Mention and Entity Description Co-Attention for Entity Disambiguation,
Jointly Extracting Event Triggers and Arguments by Dependency-Bridge RNN and Tensor-Based Argument Interaction,
Content and Context: Two-Pronged Bootstrapped Learning for Regex-Formatted Entity Extraction,
Towards a Neural Conversation Model with Diversity Net Using Determinantal Point Processes,
S-Net: From Answer Extraction to Answer Synthesis for Machine Reading Comprehension,
SkipFlow: Incorporating Neural Coherence Features for End-to-End Automatic Text Scoring,
Learning to Attend via Word-Aspect Associative Fusion for Aspect-Based Sentiment Analysis,
Investigating Inner Properties of Multimodal Representation and Semantic Compositionality with Brain-Based Componential Semantics,
Learning Multimodal Word Representation via Dynamic Fusion Methods,
R3: Reinforced Ranker-Reader for Open-Domain Question Answering,
Improving Review Representations with User Attention and Product Attention for Sentiment Classification,
Improving Neural Fine-Grained Entity Typing with Knowledge Attention,
Diagnosing and Improving Topic Models by Analyzing Posterior Variability,
Dual Attention Network for Product Compatibility and Function Satisfiability Analysis,
Assertion-Based QA with Question-Aware Open Information Extraction,
"Multi-Entity Aspect-Based Sentiment Analysis with Context,  Entity and Aspect Memory",
OTyper: A Neural Architecture for Open Named Entity Typing,
Scale Up Event Extraction Learning via Automatic Training Data Generation,
Learning Structured Representation for Text Classification via Reinforcement Learning,
Duplicate Question Identification by Integrating FrameNet with Neural Networks,
Variational Reasoning for Question Answering with Knowledge Graph,
Hierarchical Attention Flow for Multiple-Choice Reading Comprehension,
Resource-Constrained Scheduling for Maritime Traffic Management,
Classical Planning in Deep Latent Space: Bridging the Subsymbolic-Symbolic Boundary,
Planning with Pixels in (Almost) Real Time,
totSAT - Totally-Ordered Hierarchical Planning Through SAT,
Sublinear Search Spaces for Shortest Path Planning in Grid and Road Networks,
Scheduling in Visual Fog Computing: NP-Completeness and Practical Efficient Solutions,
Fat- and Heavy-Tailed Behavior in Satisficing Planning,
Finite Sample Analyses for TD(0) with Function Approximation,
Synthesis of Orchestrations of Transducers for Manufacturing,
Meta-Search Through the Space of Representations and Heuristics on a Problem by Problem Basis,
Expressive Real-Time Intersection Scheduling,
Planning and Learning for Decentralized MDPs with Event Driven Rewards,
A Recursive Algorithm to Generate Balanced Weekend Tournaments,
Plan Recognition in Continuous Domains,
Semi-Black Box: Rapid Development of Planning Based Solutions,
Multiagent Simple Temporal Problem: The Arc-Consistency Approach,
Load Scheduling of Simple Temporal Networks Under Dynamic Resource Pricing,
On the Relationship Between State-Dependent Action Costs and Conditional Effects in Planning,
Generalized Value Iteration Networks:Life Beyond Lattices,
Linear and Integer Programming-Based Heuristics for Cost-Optimal Numeric Planning,
Sensor-Based Activity Recognition via Learning From Distributions,
Knowledge-Based Policies for Qualitative Decentralized POMDPs,
Risk-Aware Proactive Scheduling via Conditional Value-at-Risk,
Stackelberg Planning: Towards Effective Leader-Follower State Space Search,
Action Schema Networks: Generalised Policies with Deep Learning,
Learning Conditional Generative Models for Temporal Point Processes,
Combining Experts’ Causal Judgments,
An Experimental Study of Advice in Sequential Decision-Making Under Uncertainty,
Optimal Approximation of Random Variables for Estimating the Probability of Meeting a Plan Deadline,
Generalized Adjustment Under Confounding and Selection Biases,
Armstrong's Axioms and Navigation Strategies,
Lifted Generalized Dual Decomposition,
Learning Mixtures of MLNs,
RelNN: A Deep Neural Model for Relational Learning,
Approximate Inference via Weighted Rademacher Complexity,
Relational Marginal Problems: Theory and Estimation,
Anytime Anyspace AND/OR Best-First Search for Bounding Marginal MAP,
A Neural Stochastic Volatility Model,
Learning Robust Options,
Efficient-UCBV: An Almost Optimal Algorithm Using Variance Estimates,
Hawkes Process Inference with Missing Data,
Conditional PSDDs: Modeling and Learning with Modular Knowledge,
Information Acquisition Under Resource Limitations in a Noisy Environment,
Risk-Sensitive Submodular Optimization,
Towards Training Probabilistic Topic Models on Neuromorphic Multi-Chip Systems,
IONet: Learning to Cure the Curse of Drift in Inertial Odometry,
Improved Results for Minimum Constraint Removal,
Safe Reinforcement Learning via Formal Methods: Toward Safe Control Through Proof and Learning,
Iterative Continuous Convolution for 3D Template Matching and Global Localization,
Learning Integrated Holism-Landmark Representations for Long-Term Loop Closure Detection,
Guiding Search in Continuous State-Action Spaces by Learning an Action Sampler From Off-Target Search Experience,
Unsupervised Selection of Negative Examples for Grounded Language Learning,
From Virtual Demonstration to Real-World Manipulation Using LSTM and MDN,
Building Continuous Occupancy Maps with Moving Robots,
Phase-Parametric Policies for Reinforcement Learning in Cyclic Environments,
Safe Exploration and Optimization of Constrained MDPs Using Gaussian Processes,
Sweep-Based Propagation for String Constraint Solving,
MaxSAT Resolution with the Dual Rail Encoding,
A SAT+CAS Method for Enumerating Williamson Matrices of Even Order,
Exact MAP-Inference by Confining Combinatorial Search with LP Relaxation,
Community-Based Trip Sharing for Urban Commuting,
Schur Number Five,
Towards Generalization in QBF Solving via Machine Learning,
Verifying Properties of Binarized Deep Neural Networks,
Parallel Algorithms for Operations on Multi-Valued Decision Diagrams,
Premise Set Caching for Enumerating Minimal Correction Subsets,
On Cryptographic Attacks Using Backdoors for SAT,
Enhancing Constraint-Based Multi-Objective Combinatorial Optimization,
Learning Robust Search Strategies Using a Bandit-Based Approach,
Learning Spatio-Temporal Features with Partial Expression Sequences for On-the-Fly Prediction,
SEE: Towards Semi-Supervised End-to-End Scene Text Recognition,
Asymmetric Joint Learning for Heterogeneous Face Recognition,
Lateral Inhibition-Inspired Convolutional Neural Network for Visual Attention and Saliency Detection,
Transfer Adversarial Hashing for Hamming Space Retrieval,
Temporal-Difference Learning with Sampling Baseline for Image Captioning,
Order-Free RNN with Visual Attention for Multi-Label Classification,
Learning a Wavelet-Like Auto-Encoder to Accelerate Deep Neural Networks,
Recurrent Attentional Reinforcement Learning for Multi-Label Image Recognition,
MixedPeds: Pedestrian Detection in Unannotated Videos Using Synthetically Generated Human-Agents for Training,
Self-View Grounding Given a Narrated 360° Video,
Using Syntax to Ground Referring Expressions in Natural Images,
Acquiring Common Sense Spatial Knowledge Through Implicit Spatial Templates,
PixelLink: Detecting Scene Text via Instance Segmentation,
ExprGAN: Facial Expression Editing with Controllable Expression Intensity,
A Deep Cascade Network for Unaligned Face Attribute Classification,
Auto-Balanced Filter Pruning for Efficient Convolutional Neural Networks,
Hierarchical Nonlinear Orthogonal Adaptive-Subspace Self-Organizing Map Based Feature Extraction for Human Action Recognition,
Self-Reinforced Cascaded Regression for Face Alignment,
Learning Pose Grammar to Encode Human Body Configuration for 3D Pose Estimation,
Unravelling Robustness of Deep Learning Based Face Recognition Against Adversarial Attacks,
Stack-Captioning: Coarse-to-Fine Learning for Image Captioning,
Hierarchical LSTM for Sign Language Translation,
Learning Coarse-to-Fine Structured Feature Embedding for Vehicle Re-Identification,
Residual Encoder Decoder Network and Adaptive Prior for Face Parsing,
Zero-Shot Learning with Attribute Selection,
Doing the Best We Can with What We Have: Multi-Label Balancing with Selective Learning for Attribute Prediction,
CMCGAN: A Uniform Framework for Cross-Modal Visual-Audio Mutual Generation,
Integrating Both Visual and Audio Cues for Enhanced Video Caption,
Merge or Not? Learning to Group Faces via Imitation Learning,
Unsupervised Deep Learning of Mid-Level Video Representation for Action Recognition,
Dual-Reference Face Retrieval,
Facial Landmarks Detection by Self-Iterative Regression Based Landmarks-Attention Network,
Learning Adaptive Hidden Layers for Mobile Gesture Recognition,
Recurrently Aggregating Deep Features for Salient Object Detection,
SAP: Self-Adaptive Proposal Model for Temporal Action Detection Based on Reinforcement Learning,
Learning to Guide Decoding for Image Captioning,
Deep Low-Resolution Person Re-Identification,
Co-Domain Embedding Using Deep Quadruplet Networks for Unseen Traffic Sign Recognition,
Multispectral Transfer Network: Unsupervised Depth Estimation for All-Day Vision,
Generating Triples with Adversarial Networks for Scene Graph Construction,
Action Prediction From Videos via Memorizing Hard-to-Predict Samples,
Robust Collaborative Discriminative Learning for RGB-Infrared Tracking,
End-to-End United Video Dehazing and Detection,
Weakly Supervised Salient Object Detection Using Image Labels,
"Brute-Force Facial Landmark Analysis with a 140, 000-Way Classifier",
DF2Net: Discriminative Feature Learning and Fusion Network for RGB-D Indoor Scene Classification,
Deep Semantic Structural Constraints for Zero-Shot Learning,
Anti-Makeup: Learning A Bi-Level Adversarial Network for Makeup-Invariant Face Verification,
Video Generation From Text,
R-FCN++: Towards Accurate Region-Based Fully Convolutional Networks for Object Detection,
Multi-Rate Gated Recurrent Convolutional Networks for Video-Based Pedestrian Re-Identification,
Cross-View Person Identification by Matching Human Poses Estimated with Confidence on Each Body Joint,
Visual Relationship Detection with Deep Structural Ranking,
Tracking Occluded Objects and Recovering Incomplete Trajectories by Reasoning About Containment Relations and Human Actions,
Learning Efficient Point Cloud Generation for Dense 3D Object Reconstruction,
Multi-Scale Face Restoration with Sequential Gating Ensemble Network,
Action Recognition with Coarse-to-Fine Deep Feature Integration and Asynchronous Fusion,
T-C3D: Temporal Convolutional 3D Network for Real-Time Action Recognition,
Cross-Domain Human Parsing via Adversarial Feature and Label Adaptation,
Char-Net: A Character-Aware Neural Network for Distorted Scene Text Recognition,
Semi-Supervised Bayesian Attribute Learning for Person Re-Identification,
A Cascaded Inception of Inception Network with Attention Modulated Feature Fusion for Human Pose Estimation,
Dictionary Learning Inspired Deep Network for Scene Recognition,
PoseHD: Boosting Human Detectors Using Human Pose Information,
SqueezedText: A Real-Time Scene Text Recognition by Binary Convolutional Encoder-Decoder Network,
Multimodal Keyless Attention Fusion for Video Classification,
Towards Affordable Semantic Searching: Zero-Shot Retrieval via Dominant Attributes,
Co-Attending Free-Form Regions and Detections with Multi-Modal Multiplicative Feature Embedding for Visual Question Answering,
Unsupervised Articulated Skeleton Extraction From Point Set Sequences Captured by a Single Depth Camera,
Curve-Structure Segmentation From Depth Maps: A CNN-Based Approach and Its Application to Exploring Cultural Heritage Objects,
Multi-Channel Pyramid Person Matching Network for Person Re-Identification,
UnFlow: Unsupervised Learning of Optical Flow with a Bidirectional Census Loss,
Weakly Supervised Collective Feature Learning From Curated Media,
Asking Friendly Strangers: Non-Semantic Attribute Transfer,
Spatial as Deep: Spatial CNN for Traffic Scene Understanding,
Adaptive Feature Abstraction for Translating Video to Text,
Scene-Centric Joint Parsing of Cross-View Videos,
Exploring Human-Like Attention Supervision in Visual Question Answering,
RAN4IQA: Restorative Adversarial Nets for No-Reference Image Quality Assessment,
Extreme Low Resolution Activity Recognition with Multi-Siamese Embedding Learning,
Top-Down Feedback for Crowd Counting Convolutional Neural Network,
Game of Sketches: Deep Recurrent Models of Pictionary-Style Word Guessing,
DLPaper2Code: Auto-Generation of Code From Deep Learning Research Papers,
Region-Based Quality Estimation Network for Large-Scale Person Re-Identification,
Adversarial Discriminative Heterogeneous Face Recognition,
Learning Binary Residual Representations for Domain-Specific Video Streaming,
Diverse Beam Search for Improved Description of Complex Scenes,
Movie Question Answering: Remembering the Textual Cues for Layered Visual Contents,
Supervised Deep Hashing for Hierarchical Labeled Data,
"Show,  Reward and Tell: Automatic Generation of Narrative Paragraph From Photo Stream by Adversarial Training",
Cooperative Training of Deep Aggregation Networks for RGB-D Action  Recognition,
Temporal-Enhanced Convolutional Network for Person Re-Identification,
Transferable Semi-Supervised Semantic Segmentation,
Emphasizing 3D Properties in Recurrent Multi-View Aggregation for 3D Shape Retrieval,
Unsupervised Part-Based Weighting Aggregation of Deep Convolutional Features for Image Retrieval,
Spatial Temporal Graph Convolutional Networks for Skeleton-Based Action Recognition,
Domain-Shared Group-Sparse Dictionary Learning for Unsupervised Domain Adaptation,
Multi-Scale Bidirectional FCN for Object Skeleton Extraction,
Understanding Image Impressiveness Inspired by Instantaneous Human Perceptual Cues,
Exploring Temporal Preservation Networks for Precise Temporal Action Localization,
Towards Perceptual Image Dehazing by Physics-Based Disentanglement and Adversarial Training,
Unsupervised Learning of Geometry From Videos with Edge-Aware Depth-Normal Consistency,
Hierarchical Discriminative Learning for Visible Thermal Person Re-Identification,
Co-Saliency Detection within a Single Image,
Deep Stereo Matching with Explicit Cost Aggregation Sub-Architecture,
A Deep Ranking Model for Spatio-Temporal Highlight Detection From a 360° Video,
Mix-and-Match Tuning for Self-Supervised Semantic Segmentation,
Audio Visual Attribute Discovery for Fine-Grained Object Recognition,
Kill Two Birds with One Stone: Weakly-Supervised Neural Network for Image Annotation and Tag Refinement,
Face Sketch Synthesis From Coarse to Fine,
Accelerated Training for Massive Classification via Dynamic Class Selection,
FLIC: Fast Linear Iterative Clustering with Active Search,
Deep Reinforcement Learning for Unsupervised Video Summarization with Diversity-Representativeness Reward,
Towards Automatic Learning of Procedures From Web Instructional Videos,
Graph Correspondence Transfer for Person Re-Identification,
Progressive Cognitive Human Parsing,
Learning Adversarial 3D Model Generation with 2D Image Enhancer,
Deep Structured Learning for Visual Relationship Detection,
HCVRD: A Benchmark for Large-Scale Human-Centered Visual Relationship Detection,
3D Box Proposals From a Single Monocular Image of an Indoor Scene,
Understanding Human Behaviors in Crowds by Imitating the Decision-Making Process,
Secure and Automated Enterprise Revenue Forecasting,
Sketch Worksheets in STEM Classrooms: Two Deployments,
An Automated Employee Timetabling System for Small Businesses,
Horizontal Scaling with a Framework for Providing AI Solutions within a Game Company,
"Hi,  How Can I Help You?: Automating Enterprise IT Support Help Desks",
Sentient Ascend: AI-Based Massively Multivariate Conversion Rate Optimization,
SmartHS: An AI Platform for Improving Government Service Provision,
Bandit-Based Solar Panel Control,
Death vs. Data Science: Predicting End of Life,
CRM Sales Prediction Using Continuous Time-Evolving Classification,
Novel Exploration Techniques (NETs) for Malaria Policy Interventions,
SPOT Poachers in Action: Augmenting Conservation Drones with Automatic Detection in Near Real Time,
InspireMe: Learning Sequence Models for Stories,
Assessing National Development Plans for Alignment with Sustainable Development Goals via Semantic Search,
Classification of Malware by Using Structural Entropy on Convolutional Neural Networks,
Optimal Pricing for Distance-Based Transit Fares,
Discovering Program Topoi Through Clustering,
Upping the Game of Taxi Driving in the Age of Uber,
Mobile Network Failure Event Detection and Forecasting with Multiple User Activity Data Sets,
Multi-Task Deep Learning for Predicting Poverty From Satellite Images,
Investigating the Role of Ensemble Learning in High-Value Wine Identification,
Learning to Become an Expert: Deep Networks Applied to Super-Resolution Microscopy,
Computer-Assisted Authoring for Natural Language Story Scripts,
A Water Demand Prediction Model for Central Indiana,
TipMaster: A Knowledge Base of Authoritative Local News Sources on Social Media,
Adapting to Concept Drift in Credit Card Transaction Data Streams Using Contextual Bandits and Decision Trees,
Aida: Intelligent Image Analysis to Automatically Detect Poems in Digital Archives of Historic Newspapers,
VoC-DL: Revisiting Voice Of Customer Using Deep Learning,
DarkEmbed: Exploit Prediction with Neural Language Models,
Gesture Annotation with a Visual Search Engine for Multimodal Communication Research,
Mars Target Encyclopedia: Rock and Soil Composition Extracted From the Literature,
Deep Mars: CNN Classification of Mars Imagery for the PDS Imaging Atlas,
Is a Picture Worth a Thousand Words? A Deep Multi-Modal Architecture for Product Classification in E-Commerce,
Batting Order Setup in One Day International Cricket,
AI Challenges in Synthetic Biology Engineering,
Data Analysis Competition Platform for Educational Purposes: Lessons Learned and Future Challenges,
Gesturing and Embodiment in Teaching: Investigating the Nonverbal Behavior of Teachers in a Virtual Rehearsal Environment,
Introducing Ethical Thinking About Autonomous Vehicles Into an AI Course,
Dropout Model Evaluation in MOOCs,
Investigating Active Learning for Concept Prerequisite Learning,
Diagnosing University Student Subject Proficiency and Predicting Degree Completion in Vector Space,
An E-Learning Recommender That Helps Learners Find the Right Materials,
Predictive Modeling of Learning Continuation in Preschool Education Using Temporal Patterns of Development Tests,
On the Importance of a Research Data Archive,
"Addressing the Technical,  Philosophical,  and Ethical Issues of Artificial Intelligence Through Active Learning Class Assignments",
Introducing Machine Learning Concepts by Training a Neural Network to Recognize Hand Gestures,
Mighty Thymio for University-Level Educational Robotics,
A Driving License for Intelligent Systems,
Introducing AI to Undergraduate Students via Computer Vision Projects,
Model AI Assignments 2018,
Clustering - What Both Theoreticians and Practitioners Are Doing Wrong,
Learning Constraints From Examples,
Computational Social Choice and Computational Complexity: BFFs?,
AI Meets Chemistry,
Learning Fast and Slow: Levels of Learning in General Autonomous Intelligent Agents,
Imagination Machines: A New Challenge for Artificial Intelligence,
Engineering Pro-Sociality with Autonomous Agents,
A Brief History and Recent Achievements in Bidirectional Search,
FgER: Fine-Grained Entity Recognition,
Abstraction Sampling in Graphical Models,
Spatio-Temporal Model for Wildlife Poaching Prediction Evaluated Through a Controlled Field Test in Uganda,
Reasonableness Monitors,
Decomposition-Based Solving Approaches for Stochastic Constraint Optimisation,
Probabilistic Planning with Influence Diagrams,
Guaranteed Plans for Multi-Robot Systems via Optimization Modulo Theories,
Sequential Decision Making in Artificial Musical Intelligence,
Adaptive and Dynamic Team Formation for Strategic and Tactical Planning,
Complexity of Optimally Defending and Attacking a Network,
Constraint Satisfaction Techniques for Combinatorial Problems,
Reading with Robots: Towards a Human-Robot Book Discussion System for Elderly Adults,
Cross-Lingual Learning with Distributed Representations,
Game-Theoretic Threat Screening and Deceptive Techniques for Cyber Defense,
"Hierarchical Methods for a Unified Approach to Discourse,  Domain,  and Style in Neural Conversational Models",
Efficiency and Safety in Autonomous Vehicles Through Planning with Uncertainty,
Identifying Private Content for Online Image Sharing,
Enhancing Machine Learning Classification for Electrical Time Series Applications,
Building More Explainable Artificial Intelligence with Argumentation,
Plan-Based Intention Revision,
Training Autoencoders in Sparse Domain,
Learning to Detect Pointing Gestures From Wearable IMUs,
Proposition Entailment in Educational Applications Using Deep Neural Networks,
Conditional Linear Regression,
FR-ANet: A Face Recognition Guided Facial Attribute Classification Network,
A Stratified Feature Ranking Method for Supervised Feature Selection,
Selecting Proper Multi-Class SVM Training Methods,
Negative-Aware Influence Maximization on Social Networks,
Visual Recognition in Very Low-Quality Settings: Delving Into the Power of Pre-Training,
"""Did I Say Something Wrong?"": Towards a Safe Collaborative Chatbot",
Preliminary Results on Exploration-Driven Satisfiability Solving,
Multi-Label Community-Based Question Classification via Personalized Sequence Memory Network Learning,
Adversarial Goal Generation for Intrinsic Motivation,
Deep Modeling of Social Relations for Recommendation,
Learning Feature Representations for Keyphrase Extraction,
A Framework for Evaluating Barriers to the Democratization of Artificial Intelligence,
AdGAP: Advanced Global Average Pooling,
Enhancing RNN Based OCR by Transductive Transfer Learning From Text to Images,
Bayesian Optimization Meets Search Based Optimization: A Hybrid Approach for Multi-Fidelity Optimization,
Towards Experienced Anomaly Detector Through Reinforcement Learning,
Dynamic Detection of Communities and Their Evolutions in Temporal Social Networks,
StackReader: An RNN-Free Reading Comprehension Model,
Generating Image Captions in Arabic Using Root-Word Based Recurrent Neural Networks and Deep Neural Networks,
Contextual Collaborative Filtering for Student Response Prediction in Mixed-Format Tests,
Learning Abduction Under Partial Observability,
Identifying Emotional Support in Online Health Communities,
Skyline Computation for Low-Latency Image-Activated Cell Identification,
Consonant-Vowel Sequences as Subword Units for Code-Mixed Languages,
Sentiment Lexicon Enhanced Attention-Based LSTM for Sentiment Classification,
NuMWVC: A Novel Local Search for Minimum Weighted Vertex Cover Problem,
Generative Adversarial Network for Abstractive Text Summarization,
A Novel Embedding Method for News Diffusion Prediction,
Imitation Upper Confidence Bound for Bandits on a Graph,
Semantic Understanding for Contextual In-Video Advertising,
Decision Making Over Combinatorially-Structured Domains,
Balancing Lexicographic Fairness and a Utilitarian Objective with Application to Kidney Exchange,
"Towards Neural Speaker Modeling in Multi-Party Conversation: The Task,  Dataset,  and Models",
Exploring the Use of Shatter for AllSAT Through Ramsey-Type Problems,
Constructing Hierarchical Bayesian Networks with Pooling,
Goal Recognition in Incomplete Domain Models,
Playing SNES Games with NeuroEvolution of Augmenting Topologies,
Automated Question Answering System for Community-Based Questions,
Memory Management with Explicit Time in Resource-Bounded Agents,
"Comparing Reward Shaping,  Visual Hints,  and Curriculum Learning",
Adversary Is the Best Teacher: Towards Extremely Compact Neural Networks,
Influence Maximization for Social Network Based Substance Abuse Prevention,
Rating Super-Resolution Microscopy Images with Deep Learning,
Personalized Human Activity Recognition Using Convolutional Neural Networks,
Lifelong Learning Networks: Beyond Single Agent Lifelong Learning,
Predicting Depression Severity by Multi-Modal Feature Engineering and Fusion,
Indirect Reciprocity and Costly Assessment in Multiagent Systems,
Relating Children’s Automatically Detected Facial Expressions to Their Behavior in RoboTutor,
Solving Generalized Column Subset Selection with Heuristic Search,
Towards Better Variational Encoder-Decoders in Seq2Seq Tasks,
Efficient Support Vector Machine Training Algorithm on GPUs,
Explainable Cross-Domain Recommendations Through Relational Learning,
"Different Cycle,  Different Assignment: Diversity in Assignment Problems with Multiple Cycles",
Dialogue Generation with GAN,
Label Space Driven Heterogeneous Transfer Learning with Web Induced Alignment,
Uncovering Scene Context for Predicting Privacy of Online Shared Images,
A New Benchmark and Evaluation Schema for Chinese Typo Detection and Correction,
Exploring Relevance Judgement Inspired by Quantum Weak Measurement,
Deep Embedding for Determining the Number of Clusters,
Fast Approximate Nearest Neighbor Search via k-Diverse Nearest Neighbor Graph,
Discriminative Semi-Supervised Feature Selection via Rescaled Least Squares Regression-Supplement,
Path-Based Attention Neural Model for Fine-Grained Entity Typing,
Learning Attention Model From Human for Visuomotor Tasks,
Bayesian Network Structure Learning: The Two-Step Clustering-Based Algorithm,
A Semi-Supervised Network Embedding Model for Protein Complexes Detection,
Variance Reduced K-Means Clustering,
Joint Learning of Evolving Links for Dynamic Network Embedding,
Generative Adversarial Networks and Probabilistic Graph Models for Hyperspectral Image Classification,
Interactive Machine Learning at Scale with CHISSL,
Lookine: Let the Blind Hear a Smile,
"Water Advisor - A Data-Driven,  Multi-Modal,  Contextual Assistant to Help with Water Usage Decisions",
A Unified Implicit Dialog Framework for Conversational Commerce,
Vertical Domain Text Classification: Towards Understanding IT Tickets Using Deep Neural Networks,
Constructing Domain-Specific Search Engines with No Programming,
A Cognitive Assistant for Visualizing and Analyzing Exoplanets,
Perception-Action-Learning System for Mobile Social-Service Robots Using Deep Learning,
Agent Assist: Automating Enterprise IT Support Help Desks,
Dataset Evolver: An Interactive Feature Engineering Notebook,
PegasusN: A Scalable and Versatile Graph Mining System,
BaitBuster: A Clickbait Identification Framework,
Democratization of Deep Learning Using DARVIZ,
Learning an Image-Based Obstacle Detector with Automatic Acquisition of Training Data,
MAgent: A Many-Agent Reinforcement Learning Platform for Artificial Collective Intelligence,
